name,name_kn,brand,unit,mrp,stock,category,category_kn,description,image_url,mrp_source
Detergent Bar,ಸೋಪು ಬಾರ್,Rin,250 g,20,,Cleaning,ಸ್ವಚ್ಛತೆ,"A hard laundry soap bar for washing clothes by hand, rubbed straight onto collars, cuffs and stains before a bucket wash. A 250 g bar lasts a small household a week or two of daily washing.",https://wink-1nn.pages.dev/catalogue/detergent-bar-250-g.jpg,"https://www.bigbasket.com/pd/40002072/rin-detergent-bar-250-g/ (listed Rs 20, Sept 2026); Wheel and Surf Excel 250 g bars sit in the Rs 15-30 band"
Detergent Powder,ಪುಡಿ ಸೋಪು,Surf Excel Easy Wash,1 kg,130,,Cleaning,ಸ್ವಚ್ಛತೆ,"Washing powder for laundry, used for both bucket hand-washing and washing machines. A 1 kg pack covers a small family's clothes for roughly two to three weeks.",https://wink-1nn.pages.dev/catalogue/detergent-powder-1-kg.jpg,"https://www.bigbasket.com/pd/40101707/surf-excel-easy-wash-detergent-powder-1-kg/ (listed Rs 128, Sept 2026); economy alternatives Wheel Active / Nirma 1 kg are about Rs 70-80"
Dishwash Bar,ಪಾತ್ರೆ ಸೋಪು,Vim,300 g,30,,Cleaning,ಸ್ವಚ್ಛತೆ,"A hard bar for scrubbing vessels by hand: rub a wet scrubber on the bar, clean the pots and rinse. A 300 g bar lasts a small family two to three weeks of daily dish washing.",https://wink-1nn.pages.dev/catalogue/dishwash-bar-300-g.jpg,"https://www.apollopharmacy.in/otc/vim-dishwash-bar-300g (listed Rs 30, Sept 2026); bigbasket/Flipkart show Rs 25-30 for the 300 g bar"
Dishwash Liquid,ಪಾತ್ರೆ ದ್ರವ,Vim,500 ml,125,,Cleaning,ಸ್ವಚ್ಛತೆ,Concentrated liquid for washing vessels by hand; a few drops on a wet scrubber cleans oily tawas and steel plates. A 500 ml bottle covers a small family's daily dishes for about a month.,https://wink-1nn.pages.dev/catalogue/dishwash-liquid-500-ml.jpg,"https://www.bigbasket.com/pd/266962/vim-dishwash-liquid-gel-lemon-500-ml-bottle/ (listed Rs 125, Sept 2026); Blinkit shows MRP Rs 140"
Floor Cleaner,ನೆಲ ಕ್ಲೀನರ್,Lizol,1 L,260,,Cleaning,ಸ್ವಚ್ಛತೆ,Disinfectant floor cleaner diluted in a bucket of water for daily mopping of tiles and mosaic floors. A 1 L bottle gives roughly a month of once-a-day mopping in a two-room house.,https://wink-1nn.pages.dev/catalogue/floor-cleaner-1-l.jpg,"https://blinkit.com/prn/lizol-disinfectant-surface-floor-cleaner-1-l/prid/18577 (MRP Rs 260, sells Rs 224, Sept 2026)"
Phenyl,ಫಿನಾಯಿಲ್,Sunrise,1 L,85,,Cleaning,ಸ್ವಚ್ಛತೆ,"White phenyl, a strong-smelling disinfectant fluid mixed into mopping water for floors, bathrooms and drains. A 1 L bottle lasts a household one to two months.",,"https://www.bigbasket.com/pd/40057395/sunrise-white-phenyl-extra-strong-1-l/ (listed Rs 85, Sept 2026); unbranded 1 L white phenyl sells for Rs 40-70"
Toilet Cleaner,ಟಾಯ್ಲೆಟ್ ಕ್ಲೀನರ್,Harpic,500 ml,110,,Cleaning,ಸ್ವಚ್ಛತೆ,"Thick acidic liquid squeezed under the rim of the toilet bowl to remove stains and limescale, left for a few minutes and brushed off. A 500 ml bottle lasts a household about a month of regular cleaning.",https://wink-1nn.pages.dev/catalogue/toilet-cleaner-500-ml.jpg,"https://www.zeptonow.com/pn/harpic-toilet-cleaner-liquid-original/pvid/63bc43f6-2538-42a6-9d43-748300c1c5f0 (MRP Rs 110, Sept 2026)"
Bread,ಬ್ರೆಡ್,Modern,400 g,45,,Dairy & Bread,ಹಾಲು & ಬ್ರೆಡ್,"Sliced white sandwich bread, eaten toasted with butter or jam at breakfast, made into bread omelette, sandwiches and bread upma, and softened in milk for kids. A 400 g loaf gives about 12-14 slices, enough for a small family's breakfasts for two or three days.",https://wink-1nn.pages.dev/catalogue/bread-400-g.jpg,"typical shelf price, Sept 2026 (Britannia Vitarich white sandwich bread 400 g MRP Rs 55 on starquik.com Mumbai; Modern/Britannia white 400 g sells at Rs 40-50 in Karnataka; local bakery loaves Rs 30-35)"
Butter,ಬೆಣ್ಣೆ,Nandini,100 g,70,,Dairy & Bread,ಹಾಲು & ಬ್ರೆಡ್,"Pasteurised salted table butter, called benne in Kannada, spread on bread and dosa, melted over set dosa and pav, and used in baking. A 100 g bar suits a family that uses butter occasionally and is easy to finish before it goes off.",https://wink-1nn.pages.dev/catalogue/butter-100-g.jpg,"https://www.newkerala.com/news/a/bengaluru-milk-union-revises-nandini-ghee-butter-prices-665.htm (KMF revision: Nandini salted butter 100 g Rs 70, 500 g Rs 310, late 2025; no change reported since)"
Curd,ಮೊಸರು,Nandini,400 g,28,,Dairy & Bread,ಹಾಲು & ಬ್ರೆಡ್,"Fresh set curd, called mosaru in Kannada, eaten with rice at the end of most meals and used for raita, majjige (buttermilk) and curd rice. A 400 g pouch covers a small family's curd for a day or two and keeps for a couple of days in the fridge.",https://wink-1nn.pages.dev/catalogue/curd-400-g.jpg,"https://www.bigbasket.com/pd/40359295/nandini-curd-415-g-pouch/ (Nandini Curd 415 g pouch listed Rs 27, Sept 2026; the 500 g pouch retails Rs 32 on udupifresh.com)"
Eggs,ಮೊಟ್ಟೆ,,6 pcs,42,,Dairy & Bread,ಹಾಲು & ಬ್ರೆಡ್,"Farm chicken eggs, called motte in Kannada, boiled for breakfast, made into omelette, egg curry and egg rice, and used in cakes. A pack of six is a two- or three-day supply for a small family and is the usual quantity picked up along with bread and milk.",https://wink-1nn.pages.dev/catalogue/eggs-6-pcs.jpg,"typical shelf price, Sept 2026 (NECC Bengaluru rate Rs 5.50/egg on 6 Sept 2026 per todayeggratesindia.com; retail Rs 6-7/egg, so a half-dozen is Rs 36-42; packed 6-egg cartons sell at Rs 45-55)"
Milk,ಹಾಲು,Nandini,500 ml,24,,Dairy & Bread,ಹಾಲು & ಬ್ರೆಡ್,"Pasteurised toned milk in the blue half-litre pouch, called haalu in Kannada, boiled at home for morning coffee, tea and evening milk, and set overnight for curd. A 500 ml pouch is the usual daily buy for a two-person household or one day's coffee and tea for a small family.",https://wink-1nn.pages.dev/catalogue/milk-500-ml.jpg,"typical shelf price, Sept 2026 (KMF fixed Nandini toned milk at Rs 48/litre from 1 April 2025 per goodreturns.in and thehansindia.com, so the 500 ml pouch is Rs 24; no further revision reported)"
Paneer,ಪನೀರ್,Nandini,200 g,96,,Dairy & Bread,ಹಾಲು & ಬ್ರೆಡ್,"Fresh cottage cheese block made from cow milk, cubed for paneer butter masala, palak paneer, paneer tikka and fried rice. A 200 g pack makes one family-size curry and should be used within a day or two of opening.",https://wink-1nn.pages.dev/catalogue/paneer-200-g.jpg,"https://world.openfoodfacts.org/product/8906036674524 (Nandini Paneer 200 g back panel photographed June 2026 shows MRP Rs 96.00, Rs 0.48/g; KMF 1 kg paneer Rs 408 after the Sept 2025 GST cut)"
Chana Dal,ಕಡಲೆ ಬೇಳೆ,,500 g,45,,Dals & Pulses,ಬೇಳೆ ಕಾಳುಗಳು,"Split Bengal gram, kadale bele in Kannada, used for the holige (obbattu) filling, kosambari, vada, chutney tempering and dal. A 500 g pack covers one festival's holige or several weeks of everyday tempering.",https://wink-1nn.pages.dev/catalogue/chana-dal-500-g.jpg,"typical shelf price, Sept 2026 — chana dal sells loose at about ₹80–95/kg; Flipkart 2 kg packs list about ₹163"
Green Moong,ಹೆಸರು ಕಾಳು,,500 g,70,,Dals & Pulses,ಬೇಳೆ ಕಾಳುಗಳು,"Whole green gram with the skin on, hesaru kaalu in Kannada, soaked and sprouted for kosambari and usli or cooked whole for curry and palya. A 500 g pack gives a family several rounds of sprouts or curry.",https://wink-1nn.pages.dev/catalogue/green-moong-500-g.jpg,"typical shelf price, Sept 2026 — whole green moong sells loose at about ₹120–140/kg"
Groundnut,ಕಡಲೆಕಾಯಿ,,500 g,75,,Dals & Pulses,ಬೇಳೆ ಕಾಳುಗಳು,"Raw shelled groundnuts, kadalekayi beeja in Kannada, a North Karnataka staple that goes into chutney pudi, roasted for kadlekai chikki, fried as masala shenga, and tempered into chitranna and upma. A 500 g pack lasts a family a few weeks of everyday use.",https://wink-1nn.pages.dev/catalogue/groundnut-500-g.jpg,"typical shelf price, Sept 2026 — loose raw groundnut around Hospet (a groundnut-growing belt) is about ₹130–160/kg"
Kabuli Chana,ಕಾಬೂಲಿ ಕಡಲೆ,,500 g,75,,Dals & Pulses,ಬೇಳೆ ಕಾಳುಗಳು,"Large white chickpeas, kabuli kadale in Kannada, soaked overnight and pressure-cooked for chole, sundal, usli and chana masala, or added to pulao. A 500 g pack makes three or four family-size dishes.",https://wink-1nn.pages.dev/catalogue/kabuli-chana-500-g.jpg,"typical shelf price, Sept 2026 — loose kabuli chana is about ₹130–160/kg depending on grain size; packaged 500 g packs list ₹75–110"
Masoor Dal,ಮಸೂರ ಬೇಳೆ,,500 g,45,,Dals & Pulses,ಬೇಳೆ ಕಾಳುಗಳು,"Split red lentil, masoor bele in Kannada, which cooks in minutes without soaking and goes into quick dal, saaru and mixed-dal dishes. A 500 g pack suits a small family for a few weeks of occasional use.",https://wink-1nn.pages.dev/catalogue/masoor-dal-500-g.jpg,"typical shelf price, Sept 2026 — masoor dal sells loose at about ₹80–95/kg; Flipkart 2 kg packs list about ₹166–167"
Moong Dal,ಹೆಸರು ಬೇಳೆ,,500 g,70,,Dals & Pulses,ಬೇಳೆ ಕಾಳುಗಳು,"Split, skinned yellow moong, hesaru bele in Kannada, which cooks quickly and soft. It is used for kosambari, moong dal payasa, pongal and light dal or kootu; a 500 g pack covers several such dishes for a family.",https://wink-1nn.pages.dev/catalogue/moong-dal-500-g.jpg,"typical shelf price, Sept 2026 — mandi rate about ₹98/kg (commodityonline.com, Sept 2026), loose retail about ₹120–140/kg"
Toor Dal,ತೊಗರಿ ಬೇಳೆ,,1 kg,130,,Dals & Pulses,ಬೇಳೆ ಕಾಳುಗಳು,"Split pigeon pea, togari bele in Kannada, the everyday dal of Karnataka for saaru, sambar, huli and bisi bele bath. A 1 kg pack lasts a small family two to three weeks of daily cooking.",https://wink-1nn.pages.dev/catalogue/toor-dal-1-kg.jpg,"https://www.commodityonline.com/mandiprices/arhar-dal-tur-dal (all-India retail about ₹118/kg, 1 Sept 2026; Amazon 1 kg listing ₹130, Aug 2026) — loose dal at Hospet kiranas is about ₹110–130/kg, packaged Tata Sampann 1 kg lists higher"
Urad Dal,ಉದ್ದಿನ ಬೇಳೆ,,500 g,70,,Dals & Pulses,ಬೇಳೆ ಕಾಳುಗಳು,"Skinned split black gram, uddina bele in Kannada, ground with rice for idli, dosa and vada batter and used whole in the tadka for chutneys and upma. A 500 g pack is enough for two or three batches of idli batter.",https://wink-1nn.pages.dev/catalogue/urad-dal-500-g.jpg,"typical shelf price, Sept 2026 — white urad dal sells loose at about ₹130–150/kg; Flipkart 500 g packs list about ₹62–75"
Banana,ಬಾಳೆಹಣ್ಣು,,6 pcs,30,,Fruits & Vegetables,ಹಣ್ಣು & ತರಕಾರಿ,"Ripe yellow bananas, balehannu in Kannada, eaten as an everyday fruit, offered at pooja, and mashed into rasayana and sheera. A pack of six covers a small family for two or three days; the small elakki type and the larger pachbale are both common in Hospet.",https://wink-1nn.pages.dev/catalogue/banana-6-pcs.jpg,"typical shelf price, Sept 2026 (pachbale/robusta bananas sell for about ₹50-60 a dozen and elakki for ₹80-100 a dozen in Karnataka towns, so six pieces run ₹25-50; Bangalore retail list at https://market.todaypricerates.com/Bangalore-vegetables-price-in-Karnataka shows only raw plantain at ₹14-17)"
Coriander Leaves,ಕೊತ್ತಂಬರಿ ಸೊಪ್ಪು,,1 bunch,20,,Fruits & Vegetables,ಹಣ್ಣು & ತರಕಾರಿ,"Fresh coriander, kothambari soppu in Kannada, chopped over sambar, rasam, upma and bisi bele bath just before serving, and ground into green chutney. One bunch is about 100 g and covers two or three days of garnishing; wrap it in a cloth or paper in the fridge to keep it fresh.",https://wink-1nn.pages.dev/catalogue/coriander-leaves-1-bunch.jpg,"https://market.todaypricerates.com/Bangalore-vegetables-price-in-Karnataka (Bangalore retail coriander leaves ₹19-22 on 05 Sep 2026; loose produce, bunch price in Hospet is usually ₹10-20)"
Curry Leaves,ಕರಿಬೇವು,,1 bunch,10,,Fruits & Vegetables,ಹಣ್ಣು & ತರಕಾರಿ,"Fresh curry leaves, karibevu in Kannada, dropped into hot oil at the start of almost every Karnataka dish, from sambar and rasam to upma, palya and chitranna. One bunch is a handful of sprigs, enough for a week of daily tadka, and the leaves keep well in a paper-lined box in the fridge.",https://wink-1nn.pages.dev/catalogue/curry-leaves-1-bunch.jpg,"typical shelf price, Sept 2026 (a bunch of curry leaves sells for ₹5-10 at Karnataka vegetable shops; Bangalore retail listed at ₹50-59 on 05 Sep 2026 at https://market.todaypricerates.com/Bangalore-vegetables-price-in-Karnataka, which reads as a per-kg rate)"
Garlic,ಬೆಳ್ಳುಳ್ಳಿ,,250 g,70,,Fruits & Vegetables,ಹಣ್ಣು & ತರಕಾರಿ,"Whole garlic bulbs, bellulli in Kannada, crushed into the tadka for dal and sambar, pounded into ginger-garlic paste, and roasted for chutney pudi. A 250 g pack is about eight to twelve bulbs and keeps for a month in a dry, airy basket.",https://wink-1nn.pages.dev/catalogue/garlic-250-g.jpg,"https://market.todaypricerates.com/Bangalore-vegetables-price-in-Karnataka (Bangalore retail garlic ₹253-299/kg on 05 Sep 2026, so about ₹63-75 per 250 g; loose produce)"
Ginger,ಶುಂಠಿ,,250 g,40,,Fruits & Vegetables,ಹಣ್ಣು & ತರಕಾರಿ,"Fresh ginger root, shunti in Kannada, grated into chai, ground with garlic into the paste for curries and biryani, and used in chutneys and rasam. A 250 g pack is a few large pieces, about two to three weeks of daily use for a small family.",https://wink-1nn.pages.dev/catalogue/ginger-250-g.jpg,"https://market.todaypricerates.com/Bangalore-vegetables-price-in-Karnataka (Bangalore retail ginger ₹139-164/kg on 05 Sep 2026, so about ₹35-41 per 250 g; loose produce)"
Green Chilli,ಹಸಿ ಮೆಣಸಿನಕಾಯಿ,,250 g,20,,Fruits & Vegetables,ಹಣ್ಣು & ತರಕಾರಿ,"Fresh green chillies, hasi menasinakayi in Kannada, slit or chopped into the tadka for upma, palya, chutney and sambar, and eaten whole with meals. A 250 g pack holds around 30 to 40 chillies, enough for a small family for a week or two if kept in the fridge.",https://wink-1nn.pages.dev/catalogue/green-chilli-250-g.jpg,"https://market.todaypricerates.com/Bangalore-vegetables-price-in-Karnataka (Bangalore retail green chilli ₹75-88/kg on 05 Sep 2026, so about ₹19-22 per 250 g; loose produce)"
Lemon,ನಿಂಬೆಹಣ್ಣು,,4 pcs,25,,Fruits & Vegetables,ಹಣ್ಣು & ತರಕಾರಿ,"Small, juicy lemons, nimbehannu in Kannada, squeezed over rasam, chitranna (lemon rice), pickled whole, and stirred into nimbe sharbat on hot days. A pack of four covers a small family for about a week and keeps well at room temperature.",https://wink-1nn.pages.dev/catalogue/lemon-4-pcs.jpg,"typical shelf price, Sept 2026 (lemons sell at about ₹5-8 apiece in Karnataka towns, so four pieces run ₹20-30; Bangalore retail lemon listed at ₹55-65 on 05 Sep 2026 at https://market.todaypricerates.com/Bangalore-vegetables-price-in-Karnataka)"
Onion,ಈರುಳ್ಳಿ,,1 kg,65,,Fruits & Vegetables,ಹಣ್ಣು & ತರಕಾರಿ,"Red onions, called eerulli in Kannada, the base of almost every Karnataka curry, sambar, upma and chutney and eaten raw with meals. A 1 kg pack is about six to eight medium onions, enough for a small family for four or five days.",https://wink-1nn.pages.dev/catalogue/onion-1-kg.jpg,"https://market.todaypricerates.com/Bangalore-vegetables-price-in-Karnataka (Bangalore retail onion ₹63-74/kg on 05 Sep 2026; loose produce, price moves weekly)"
Potato,ಆಲೂಗಡ್ಡೆ,,1 kg,35,,Fruits & Vegetables,ಹಣ್ಣು & ತರಕಾರಿ,"Potatoes, aloogadde in Kannada, go into palya (dry curry), sagu for poori and dosa, bonda and vegetable sambar. A 1 kg pack is about seven to nine medium potatoes and keeps for two weeks in a cool, dark corner of the kitchen.",https://wink-1nn.pages.dev/catalogue/potato-1-kg.jpg,"https://market.todaypricerates.com/Bangalore-vegetables-price-in-Karnataka (Bangalore retail potato ₹34-40/kg on 05 Sep 2026; loose produce, price moves weekly)"
Tomato,ಟೊಮ್ಯಾಟೊ,,1 kg,30,,Fruits & Vegetables,ಹಣ್ಣು & ತರಕಾರಿ,"Ripe red tomatoes, tomato or tomyato in Kannada, used daily in rasam, sambar, tomato bath, gojju and chutney. A 1 kg pack is roughly eight to twelve tomatoes, about a week's cooking for a small family, best used within four or five days.",https://wink-1nn.pages.dev/catalogue/tomato-1-kg.jpg,"https://market.todaypricerates.com/Bangalore-vegetables-price-in-Karnataka (Bangalore retail tomato ₹30-35/kg on 05 Sep 2026; loose produce, price swings sharply with season)"
Agarbatti,ಅಗರಬತ್ತಿ,Cycle Three in One,1 pack,25,,Household,ಗೃಹೋಪಯೋಗಿ,"Incense sticks, called oodubatti in Kannada, lit at the pooja corner morning and evening. A standard pack of 20 to 40 sticks lasts two to three weeks of daily use.",https://wink-1nn.pages.dev/catalogue/agarbatti-1-pack.jpg,"https://vaidhikamart.com/product/cycle-3-in-1-agarbatti-mrp-25 (regular pack MRP Rs 25, Sept 2026); larger Rs 75 and Rs 150 packs also sold"
Aluminium Foil,ಅಲ್ಯೂಮಿನಿಯಂ ಫಾಯಿಲ್,Hindalco Freshwrapp,9 m,130,,Household,ಗೃಹೋಪಯೋಗಿ,Kitchen aluminium foil on a roll for wrapping chapatis and packing tiffin. The 9 m roll is the usual household size and lasts a family a month or two.,https://wink-1nn.pages.dev/catalogue/aluminium-foil-9-m.jpg,"https://www.bigbasket.com/pd/100014975/hindalco-freshwrapp-standard-aluminium-foil-9-mtr-carton/ (listed Rs 130, Sept 2026)"
Candle,ಮೇಣದಬತ್ತಿ,,1 pack,25,,Household,ಗೃಹೋಪಯೋಗಿ,"Plain white wax candles for power cuts and pooja, sold as a packet of about six to ten. Each candle burns for two to three hours.",https://wink-1nn.pages.dev/catalogue/candle-1-pack.jpg,"typical shelf price, Sept 2026: Kochi maker Popular Candles wholesales 6-pc household packs at about Rs 12-14 (https://www.popularcandles.in/household-candles.html); retail packets sell for Rs 20-30"
Garbage Bags,ಕಸದ ಚೀಲ,Shalimar,30 pcs,75,,Household,ಗೃಹೋಪಯೋಗಿ,"Black plastic dustbin liners, medium size (19 x 21 inch), on a roll of 30. One roll covers a household for about a month of daily bin changes.",https://wink-1nn.pages.dev/catalogue/garbage-bags-30-pcs.jpg,"typical shelf price, Sept 2026: Amazon.in lists Clean India and Presto medium 30-pc rolls at roughly Rs 60-100 per roll (https://www.amazon.in/Clean-India%C2%AE-Garbage-Bags-Medium/dp/B0892QBDZJ)"
Matchbox,ಬೆಂಕಿಪೊಟ್ಟಣ,Ship,1 pc,2,,Household,ಗೃಹೋಪಯೋಗಿ,"A box of safety matches, benkipottana in Kannada, for lighting the gas stove, agarbatti and lamps. One box holds about 40 to 50 sticks.",https://wink-1nn.pages.dev/catalogue/matchbox-1-pc.jpg,"typical shelf price, Sept 2026: the standard matchbox moved from Rs 1 to Rs 2 in December 2021 and has stayed there"
Chilli Powder,ಮೆಣಸಿನ ಪುಡಿ,Everest (Tikhalal),200 g,128,,Masala & Spices,ಮಸಾಲೆ ಪದಾರ್ಥಗಳು,"Ground dried red chillies, called menasina pudi in Kannada, the main source of heat in sambar, gojju, chutney pudi and non-veg gravies. A 200 g pack suits a family that cooks spicy food daily and lasts about a month.",https://wink-1nn.pages.dev/catalogue/chilli-powder-200-g.jpg,"https://blinkit.com/prn/everest-tikhalal-red-chilli-powder/prid/25281 (Everest Tikhalal 200 g, MRP Rs 128, Sept 2026; bigbasket lists Rs 102)"
Coriander Powder,ಕೊತ್ತಂಬರಿ ಪುಡಿ,Everest,100 g,40,,Masala & Spices,ಮಸಾಲೆ ಪದಾರ್ಥಗಳು,"Ground dried coriander seed, called kothambari pudi in Kannada, used as the body of sambar, saaru and vegetable gravies and often mixed with chilli powder at the stove. A 100 g pack covers a small family's cooking for three to four weeks.",https://wink-1nn.pages.dev/catalogue/coriander-powder-100-g.jpg,"https://www.bigbasket.com/pd/100004178/everest-powder-green-coriander-100-g-pouch/ (Everest Green Coriander Powder 100 g listed at Rs 40, Sept 2026; older listings show MRP Rs 28-32)"
Cumin Seeds,ಜೀರಿಗೆ,Tata Sampann,100 g,70,,Masala & Spices,ಮಸಾಲೆ ಪದಾರ್ಥಗಳು,"Whole cumin seed, called jeerige in Kannada, used in tempering for rasam, upma, pulao and jeera rice, and roasted and ground into fresh masala. A 100 g pack keeps a family's spice box stocked for a month or more.",https://wink-1nn.pages.dev/catalogue/cumin-seeds-100-g.jpg,"https://www.bigbasket.com/pd/40334088/tata-sampann-whole-spices-cumin-seeds-100-g/ (Tata Sampann Cumin Seeds 100 g, MRP Rs 70, Sept 2026)"
Jaggery,ಬೆಲ್ಲ,,1 kg,80,,Masala & Spices,ಮಸಾಲೆ ಪದಾರ್ಥಗಳು,"Unrefined cane sugar in solid blocks, called bella in Kannada, used to sweeten holige, payasa, kadubu and everyday coffee in many Karnataka homes. A 1 kg block or bag covers a family's festival cooking and a few weeks of daily use.",https://wink-1nn.pages.dev/catalogue/jaggery-1-kg.jpg,"typical shelf price, Sept 2026 (Bangalore mandi rate Rs 50-54/kg per commodityonline.com; packed 1 kg rounds Rs 99 on bigbasket.com; loose Mandya-style bella retails at Rs 70-90/kg)"
Mustard Seeds,ಸಾಸಿವೆ,Catch,100 g,32,,Masala & Spices,ಮಸಾಲೆ ಪದಾರ್ಥಗಳು,"Small black-brown mustard seeds, called sasive in Kannada, popped in hot oil as the first step of almost every oggarane (tempering) for sambar, palya, chutney and pickles. A 100 g pack keeps a family's spice box going for a month or more since only a spoonful is used at a time.",https://wink-1nn.pages.dev/catalogue/mustard-seeds-100-g.jpg,"https://blinkit.com/prn/catch-black-big-mustard-seeds/prid/388680 (Catch Black Big Mustard Seeds 100 g, MRP Rs 30-32, Sept 2026; Tata Sampann sells 200 g at Rs 57)"
Rasam Powder,ರಸಂ ಪುಡಿ,MTR,100 g,85,,Masala & Spices,ಮಸಾಲೆ ಪದಾರ್ಥಗಳು,"Ground spice mix of coriander, pepper, cumin, chilli and dal for making saaru (rasam), the thin tamarind-and-tomato soup eaten with rice in most Karnataka homes. A 100 g pouch makes saaru for a family of four around fifteen to twenty times, so it lasts a month of regular use.",https://wink-1nn.pages.dev/catalogue/rasam-powder-100-g.jpg,"https://shop.mtrfoods.com/products/mtr-rasam-powder-100-g (MTR Rasam Powder 100 g, MRP Rs 85, Sept 2026; bigbasket Rs 78)"
Salt,ಉಪ್ಪು,Tata Salt,1 kg,32,,Masala & Spices,ಮಸಾಲೆ ಪದಾರ್ಥಗಳು,"Iodised free-flowing table salt, called uppu in Kannada, used for everyday cooking, pickling and seasoning. A 1 kg pack is the standard household size and lasts a family several weeks.",https://wink-1nn.pages.dev/catalogue/salt-1-kg.jpg,"https://blinkit.com/prn/tata-salt-vacuum-evaporated-iodised-salt/prid/105 (MRP Rs 32 for 1 kg, Sept 2026)"
Sambar Powder,ಸಾಂಬಾರ್ ಪುಡಿ,MTR,100 g,76,,Masala & Spices,ಮಸಾಲೆ ಪದಾರ್ಥಗಳು,"Ready-ground sambar masala of roasted coriander, red chilli, dal and spices, called sambar pudi in Kannada, stirred into cooked toor dal and vegetables for everyday sambar and huli. A 100 g pouch makes sambar for a family of four roughly twenty times, so it lasts about a month of daily cooking.",https://wink-1nn.pages.dev/catalogue/sambar-powder-100-g.jpg,"https://shop.mtrfoods.com/products/mtr-sambar-powder-100-g-1 (MTR Sambar Powder 100 g, MRP Rs 76 for Karnataka, Sept 2026; bigbasket Rs 72, zepto MRP Rs 91)"
Sugar,ಸಕ್ಕರೆ,Madhur,1 kg,65,,Masala & Spices,ಮಸಾಲೆ ಪದಾರ್ಥಗಳು,"White crystal sugar, called sakkare in Kannada, used for tea, coffee, payasa and festival sweets. A 1 kg pack suits a small family for two to three weeks of daily tea and cooking.",https://wink-1nn.pages.dev/catalogue/sugar-1-kg.jpg,"https://www.zepto.com/pn/madhur-pure-hygienic-sugar/pvid/3fd95375-ca7f-4527-92fa-66758967c1b3 (MRP Rs 65 for 1 kg, Sept 2026; loose sugar sells nearer Rs 45-50/kg)"
Tamarind,ಹುಣಸೆ ಹಣ್ಣು,,500 g,125,,Masala & Spices,ಮಸಾಲೆ ಪದಾರ್ಥಗಳು,"Dried, deseeded tamarind pulp, called hunase hannu in Kannada, soaked in water and squeezed to give sambar, saaru, gojju, puliyogare and chutneys their sour base. A 500 g pack lasts a family that cooks sambar or saaru most days about a month.",https://wink-1nn.pages.dev/catalogue/tamarind-500-g.jpg,"typical shelf price, Sept 2026 (bigbasket bb Popular deseeded tamarind 500 g Rs 123; Saaral seedless 500 g Rs 170; loose tamarind in Karnataka kiranas Rs 180-250/kg, so a 500 g slab runs Rs 90-125)"
Turmeric Powder,ಅರಿಶಿನ ಪುಡಿ,Everest,100 g,48,,Masala & Spices,ಮಸಾಲೆ ಪದಾರ್ಥಗಳು,"Ground dried turmeric root, called arishina in Kannada, added by the pinch to almost every sambar, palya, rasam and rice dish for colour and flavour. A 100 g pack lasts a family a month or two of daily cooking.",https://wink-1nn.pages.dev/catalogue/turmeric-powder-100-g.jpg,"https://www.dmart.in/product/everest-turmeric-powder (Everest Turmeric Powder 100 g, MRP Rs 48, Sept 2026)"
Coconut Oil,ತೆಂಗಿನ ಎಣ್ಣೆ,Parachute,500 ml,331,,Oil & Ghee,ಎಣ್ಣೆ & ತುಪ್ಪ,"Pure coconut oil, tengina enne in Kannada, in a 500 ml bottle, used in Karnataka kitchens for seasoning, frying and coastal-style curries and just as often as a hair oil. A 500 ml bottle lasts a family a month or more of light cooking use.",https://wink-1nn.pages.dev/catalogue/coconut-oil-500-ml.jpg,"https://budgetbazaar.online/product/parachute-coconut-oil-500ml-jaar/ (MRP ₹331, selling ₹310; Blinkit and Zepto cached listings show ₹290 for the 600 ml bottle; Sept 2026 — copra prices have risen through 2025–26, so check the printed MRP)"
Ghee,ತುಪ್ಪ,Nandini,500 ml,358,,Oil & Ghee,ಎಣ್ಣೆ & ತುಪ್ಪ,"Clarified butter, tuppa in Kannada, spooned over hot rice with saaru or dal, used for holige, payasa and festival sweets, and for tempering. A 500 ml pack lasts a family about a month of everyday use.",https://wink-1nn.pages.dev/catalogue/ghee-500-ml.jpg,"https://www.etvbharat.com/en/state/karnataka-nandini-butter-and-ghee-prices-hiked-enn26072408144 (KMF revision, Jul 2026: Nandini ghee 500 ml pouch ₹358, PET jar ₹368; earlier trade listing MRP ₹325 at babutradingco.com)"
Groundnut Oil,ಕಡಲೆಕಾಯಿ ಎಣ್ಣೆ,Freedom,1 L,230,,Oil & Ghee,ಎಣ್ಣೆ & ತುಪ್ಪ,"Filtered groundnut oil, kadalekayi enne or shenga enne in Kannada, the traditional cooking oil of North Karnataka with a nutty taste, used for frying, rotti-side dishes and pickles. A 1 L pouch lasts a small family one to two weeks.",https://wink-1nn.pages.dev/catalogue/groundnut-oil-1-l.jpg,"https://www.zepto.com/pn/freedom-double-filtered-groundnut-cooking-oil-pouch/pvid/1349a97a-09a5-44ab-b217-facd6ac630ee (MRP ₹230; BigBasket sells ₹195, Flipkart ₹185; Sept 2026)"
Sunflower Oil,ಸೂರ್ಯಕಾಂತಿ ಎಣ್ಣೆ,Sunpure,1 L,185,,Oil & Ghee,ಎಣ್ಣೆ & ತುಪ್ಪ,"Refined sunflower oil, suryakanti enne in Kannada, the everyday cooking oil in most Karnataka homes for tadka, frying and sabzi. A 1 L pouch lasts a small family one to two weeks.",https://wink-1nn.pages.dev/catalogue/sunflower-oil-1-l.jpg,"https://www.bigbasket.com/pd/274120/sunpure-refined-sunflower-oil-1-l-pouch/ (selling ₹181.5; pricehistory.app records MRP ₹185, Feb 2026; Flipkart ₹220) — Fortune Sunlite and Gold Winner 1 L pouches are in the same band"
Sunflower Oil,ಸೂರ್ಯಕಾಂತಿ ಎಣ್ಣೆ,Sunpure,5 L,872,,Oil & Ghee,ಎಣ್ಣೆ & ತುಪ್ಪ,The same refined sunflower oil in a 5 L jar for households that cook and fry every day; it works out cheaper per litre than pouches. A 5 L jar lasts a family of four about a month to six weeks.,https://wink-1nn.pages.dev/catalogue/sunflower-oil-5-l.jpg,"https://mysunpure.in/collections/oil (brand site MRP ₹872 for the 5 L can; BigBasket https://www.bigbasket.com/pd/274125/sunpure-refined-sunflower-oil-5-l-can/ shows MRP ₹1,125 selling ₹880.5, Zepto ₹825; Sept 2026 — MRP printed on the jar varies by batch)"
Bathing Soap,ಸ್ನಾನದ ಸೋಪು,Santoor Sandal & Turmeric,100 g,40,,Personal Care,ವೈಯಕ್ತಿಕ ಆರೈಕೆ,A bar of bathing soap for daily use. The 100 g bar is the standard family size on every kirana shelf and lasts one person roughly two to three weeks.,https://wink-1nn.pages.dev/catalogue/bathing-soap-100-g.jpg,"https://www.bigbasket.com/pd/263856/santoor-sandal-turmeric-soap-super-saver-pack-100-g/ (single 100 g bar listed Rs 39, Sept 2026); pack MRP about Rs 40-45"
Hair Oil,ಕೂದಲಿನ ಎಣ್ಣೆ,Parachute,100 ml,71,,Personal Care,ವೈಯಕ್ತಿಕ ಆರೈಕೆ,"Pure coconut oil for daily hair oiling, the usual choice in Karnataka homes, and for weekend oil baths. A 100 ml bottle lasts one person around a month.",https://wink-1nn.pages.dev/catalogue/hair-oil-100-ml.jpg,"https://budgetbazaar.online/product/parachute-coconut-oil-100ml-jaar/ (MRP Rs 71, sells Rs 65, Sept 2026)"
Sanitary Pads,ಸ್ಯಾನಿಟರಿ ಪ್ಯಾಡ್,Whisper Choice,8 pcs,45,,Personal Care,ವೈಯಕ್ತಿಕ ಆರೈಕೆ,"Disposable sanitary napkins with wings, in a pouch of 8 pads. One pouch usually covers a single period.",https://wink-1nn.pages.dev/catalogue/sanitary-pads-8-pcs.jpg,"estimate, Sept 2026: Whisper Choice Wings 8-pad pouch and Stayfree Secure XL 6 pads (https://www.bigbasket.com/pd/303412/stayfree-sanitary-pads-secure-xl-cottony-soft-with-wings-6-pads/ Rs 45) sell in the Rs 40-50 band"
Shampoo Bottle,ಶಾಂಪೂ,Clinic Plus,180 ml,118,,Personal Care,ವೈಯಕ್ತಿಕ ಆರೈಕೆ,"Everyday hair-wash shampoo in a bottle rather than sachets, for families who wash hair several times a week. A 180 ml bottle gives roughly 20 to 25 washes.",https://wink-1nn.pages.dev/catalogue/shampoo-bottle-180-ml.jpg,Clinic Plus Strong & Long 175 ml (nearest pack): https://www.bigbasket.com/pd/266631/clinic-plus-strong-long-health-shampoo-175-ml/ Rs 115; BazaarBandhu lists MRP Rs 118; 1mg MRP Rs 133
Shampoo Sachet,ಶಾಂಪೂ,Clinic Plus,5 ml,1,,Personal Care,ವೈಯಕ್ತಿಕ ಆರೈಕೆ,"A single-wash sachet of shampoo, the way most households in Hospet buy shampoo. One sachet is enough for one wash of shoulder-length hair.",https://wink-1nn.pages.dev/catalogue/shampoo-sachet-5-ml.jpg,"https://www.humarabazar.com/product-page/clinic-plus-rs-1 (Clinic Plus Strong & Long Rs 1 sachet, 5.5-6.5 ml, Sept 2026); Rs 2 sachets (about 8 ml) and Chik Rs 1 sachets are the other kirana staples"
Shaving Cream,ಶೇವಿಂಗ್ ಕ್ರೀಮ್,Gillette,70 g,75,,Personal Care,ವೈಯಕ್ತಿಕ ಆರೈಕೆ,"Lather shaving cream in a tube, worked up with a brush or fingers before a razor shave. A 70 g tube gives a month or two of regular shaves.",https://wink-1nn.pages.dev/catalogue/shaving-cream-70-g.jpg,"https://www.bigbasket.com/pd/20004808/gillette-regular-pre-shave-cream-70-g/ (listed Rs 71.25); Budget Bazaar MRP Rs 75, Sept 2026"
Talcum Powder,ಪೌಡರ್,Pond's Dreamflower,100 g,125,,Personal Care,ವೈಯಕ್ತಿಕ ಆರೈಕೆ,Perfumed talc dusted on after a bath to keep the skin dry in Hospet's heat. A 100 g bottle lasts a person about a month in summer.,https://wink-1nn.pages.dev/catalogue/talcum-powder-100-g.jpg,"https://budgetbazaar.online/product/ponds-dream-flower-powder-100g/ (MRP Rs 125, Sept 2026); bigbasket sells the 100 g at Rs 100"
Toothbrush,ಟೂತ್‌ಬ್ರಷ್,Colgate ZigZag,1 pc,30,,Personal Care,ವೈಯಕ್ತಿಕ ಆರೈಕೆ,"A manual toothbrush with soft or medium nylon bristles, sold singly. It should be replaced every three months or when the bristles splay.",https://wink-1nn.pages.dev/catalogue/toothbrush-1-pc.jpg,"typical shelf price, Sept 2026: Colgate ZigZag singles sell at Rs 25-40 (https://www.mkretail.com/product/colgate-tooth-brush-zig-zag-charcoal-soft lists the Charcoal variant at Rs 40)"
Toothpaste,ಟೂತ್‌ಪೇಸ್ಟ್,Colgate Strong Teeth,100 g,76,,Personal Care,ವೈಯಕ್ತಿಕ ಆರೈಕೆ,"Fluoride toothpaste in a squeeze tube for twice-daily brushing. A 100 g tube lasts one adult about a month, or a couple two to three weeks.",https://wink-1nn.pages.dev/catalogue/toothpaste-100-g.jpg,"https://www.bigbasket.com/pd/100006161/colgate-strong-teeth-anticavity-toothpaste-with-amino-shakti-formula-provides-fresher-breath-100-g/ (listed Rs 76, Sept 2026); price-history MRP Rs 73"
Basmati Rice,ಬಾಸುಮತಿ ಅಕ್ಕಿ,India Gate,1 kg,159,,Rice & Atta,ಅಕ್ಕಿ & ಹಿಟ್ಟು,"Long-grain, fragrant basmati rice that cooks up long and separate, kept in Karnataka homes for biryani, ghee rice, pulao and festival meals rather than daily rice. A 1 kg pack covers two or three special-occasion meals for a family.",https://wink-1nn.pages.dev/catalogue/basmati-rice-1-kg.jpg,"https://www.bigbasket.com/pd/280154/india-gate-basmati-rice-dubar-1-kg-pouch/ (India Gate Dubar 1 kg, MRP ₹159; India Gate Classic 1 kg is MRP ₹260)"
Idli Rice,ಇಡ್ಲಿ ಅಕ್ಕಿ,,5 kg,250,,Rice & Atta,ಅಕ್ಕಿ & ಹಿಟ್ಟು,"Short, plump parboiled rice (idli akki in Kannada) that is soaked and ground with urad dal for soft idli and dosa batter. A 5 kg bag keeps a family in idli and dosa batter for about a month of weekend breakfasts.",https://wink-1nn.pages.dev/catalogue/idli-rice-5-kg.jpg,https://www.bigbasket.com/pd/10000414/bb-royal-idli-rice-5-kg-pouch/ (₹250; BB Popular 5 kg ₹249) — loose idli/boiled rice at Hospet kiranas is around ₹45–55/kg
Maida,ಮೈದಾ,,500 g,28,,Rice & Atta,ಅಕ್ಕಿ & ಹಿಟ್ಟು,"Refined white wheat flour milled with the bran and germ removed, giving a fine, soft flour. Karnataka homes use it for the outer cover of holige (obbattu), Mangalore buns, samosa and bajji batter, and for bakery-style baking; a 500 g pack suits a family that fries or bakes only now and then.",https://wink-1nn.pages.dev/catalogue/maida-500-g.jpg,"typical shelf price, Sept 2026 — loose or local-mill maida sells at about ₹45–55/kg; packaged 500 g packs (Fortune, Pillsbury, regional mills) list around ₹35–45"
Poha / Avalakki,ಅವಲಕ್ಕಿ,,500 g,40,,Rice & Atta,ಅಕ್ಕಿ & ಹಿಟ್ಟು,"Flattened parboiled rice flakes, called avalakki in Kannada, that soften after a quick rinse. They go into avalakki bath (poha upma), gojjavalakki, mosaru avalakki and festival offerings; a 500 g pack makes four to six breakfasts.",https://wink-1nn.pages.dev/catalogue/poha-avalakki-500-g.jpg,"typical shelf price, Sept 2026 — loose medium/thick avalakki sells at about ₹60–80/kg; Tata Sampann and Fortune 500 g packs list around ₹45–65"
Ragi Flour,ರಾಗಿ ಹಿಟ್ಟು,,1 kg,70,,Rice & Atta,ಅಕ್ಕಿ & ಹಿಟ್ಟು,"Finely milled finger-millet flour, ragi hittu in Kannada, the base of ragi mudde eaten with saaru across North Karnataka and of ragi rotti, dosa and morning ganji. A 1 kg pack gives a family several rounds of mudde or a few weeks of ganji.",https://wink-1nn.pages.dev/catalogue/ragi-flour-1-kg.jpg,"typical shelf price, Sept 2026 — loose mill ragi flour around Hospet is about ₹55–70/kg; packaged 1 kg brands (Manna, 24 Mantra, Vedaka) list ₹80–110"
Rava / Sooji,ರವೆ,Aashirvaad,500 g,48,,Rice & Atta,ಅಕ್ಕಿ & ಹಿಟ್ಟು,"Coarsely ground wheat semolina, called rave in Kannada and sooji or Bombay rava elsewhere. It is the base of upma, kesari bath, rava idli and rava dosa; a 500 g pack covers several breakfasts for a small family.",https://wink-1nn.pages.dev/catalogue/rava-sooji-500-g.jpg,"https://www.bigbasket.com/pd/40293256/aashirvaad-double-roasted-suji-rava-less-moisture-more-quantity-made-from-mp-wheat-500-g/ (listed ₹41.8 discounted, implying MRP about ₹48; Sept 2026) — loose mill rava at kiranas is about ₹40–50/kg"
Sona Masoori Rice,ಸೋನಾ ಮಸೂರಿ ಅಕ್ಕಿ,,25 kg,1500,,Rice & Atta,ಅಕ್ಕಿ & ಹಿಟ್ಟು,"The same everyday medium-grain sona masoori rice in a full 25 kg mill bag, the size most households around Hospet buy for the month. Steamed sona masoori cooks light and separate for plain rice, chitranna and bisi bele bath; a 25 kg bag lasts a family of four roughly a month to six weeks.",https://wink-1nn.pages.dev/catalogue/sona-masoori-rice-25-kg.jpg,"https://www.bigbasket.com/pd/40018886/bb-royal-sona-masoori-steam-rice-25-kg-bag/ (₹1,500; BB Popular 25 kg lists ₹1,263) — local Gangavathi mill bags sell at about ₹1,400–1,700 depending on age and grade"
Sona Masoori Rice,ಸೋನಾ ಮಸೂರಿ ಅಕ್ಕಿ,,5 kg,350,,Rice & Atta,ಅಕ್ಕಿ & ಹಿಟ್ಟು,"Sona Masoori is the medium-grain, lightly aromatic rice that most Karnataka homes cook every day, and much of it is milled around Gangavathi, close to Hospet. Steamed (boiled) sona masoori cooks fluffy and separate, suits plain rice, bisi bele bath and pulao, and a 5 kg bag lasts a small family two to three weeks.",https://wink-1nn.pages.dev/catalogue/sona-masoori-rice-5-kg.jpg,"typical shelf price, Sept 2026 — local mill steam sona masoori sells at about ₹65–70/kg loose or in 5 kg bags; packaged national brands list higher (₹617–699 for 5 kg on flipkart.com / pricee.com, Aug 2026)"
Whole Wheat Atta,ಗೋಧಿ ಹಿಟ್ಟು,Aashirvaad,10 kg,546,,Rice & Atta,ಅಕ್ಕಿ & ಹಿಟ್ಟು,"Whole wheat flour (godhi hittu) in a 10 kg bag for households that make chapati or roti every day, along with poori, paratha and holige. A 10 kg bag lasts a family of four about six to eight weeks and works out cheaper per kilo than smaller packs.",https://wink-1nn.pages.dev/catalogue/whole-wheat-atta-10-kg.jpg,"https://www.bigbasket.com/pd/126906/aashirvaad-atta-whole-wheat-10-kg-pouch/ (₹546; other listings quote MRP ₹489–593 depending on variant and region, Sept 2026)"
Whole Wheat Atta,ಗೋಧಿ ಹಿಟ್ಟು,Aashirvaad,5 kg,325,,Rice & Atta,ಅಕ್ಕಿ & ಹಿಟ್ಟು,"Finely milled whole wheat flour (godhi hittu in Kannada) for soft chapati, phulka and poori, and for the wheat dosa and holige made in North Karnataka homes. A 5 kg pack gives a family of four roughly three to four weeks of daily chapatis.",https://wink-1nn.pages.dev/catalogue/whole-wheat-atta-5-kg.jpg,"https://www.bigbasket.com/pd/126903/aashirvaad-atta-whole-wheat-5-kg-pouch/ (listed ₹277 at 15% off, implying MRP about ₹325; Sept 2026)"
Biscuits - Cream,ಕ್ರೀಮ್ ಬಿಸ್ಕತ್ತು,Britannia Bourbon,150 g,35,,Snacks & Biscuits,ತಿಂಡಿ & ಬಿಸ್ಕತ್ತು,"Sandwich biscuits with a sweet cream filling, most often chocolate (bourbon) or vanilla and orange. A 150 g sleeve is the standard pocket-money pack picked up for school tiffins and evening tea in Karnataka homes.",https://wink-1nn.pages.dev/catalogue/biscuits-cream-150-g.jpg,"https://blinkit.com/prn/britannia-bourbon-the-original-biscuit/prid/263544 (Britannia Bourbon 150 g, MRP ₹35; bigbasket lists the same pack at MRP ₹40, Sept 2026 search)"
Biscuits - Glucose,ಬಿಸ್ಕತ್ತು,Parle-G,300 g,40,,Snacks & Biscuits,ತಿಂಡಿ & ಬಿಸ್ಕತ್ತು,"Plain, lightly sweet glucose biscuits, the everyday tea-time biscuit in most Karnataka homes and dunked in chai or coffee. A 300 g pack keeps a family in biscuits for about a week and is the size usually kept in the kitchen tin.",https://wink-1nn.pages.dev/catalogue/biscuits-glucose-300-g.jpg,"typical shelf price, Sept 2026 (pro-rata estimate: Parle-G 800 g pouch MRP ₹100 on zepto.com / bigbasket, 250 g pack retails about ₹30)"
Biscuits - Marie,ಮೇರಿ ಬಿಸ್ಕತ್ತು,Britannia Marie Gold,250 g,40,,Snacks & Biscuits,ತಿಂಡಿ & ಬಿಸ್ಕತ್ತು,"Thin, crisp, mildly sweet Marie biscuits that are served with tea and coffee across Karnataka and are the usual biscuit offered to guests. A 250 g family pack holds about 45 biscuits, a week or so of tea-time for a small household.",https://wink-1nn.pages.dev/catalogue/biscuits-marie-250-g.jpg,"https://www.bigbasket.com/pd/220244/britannia-marie-gold-biscuits-250-g/ (MRP ₹40, Sept 2026 search)"
Namkeen Mixture,ಮಿಕ್ಸ್ಚರ್,Haldiram's,200 g,60,,Snacks & Biscuits,ತಿಂಡಿ & ಬಿಸ್ಕತ್ತು,"Savoury snack mix of fried sev, boondi, peanuts, flattened rice and dal, spiced and salted. Mixture is the standard evening snack with coffee in Karnataka and is put out for guests; a 200 g pouch fills a snack bowl three or four times.",https://wink-1nn.pages.dev/catalogue/namkeen-mixture-200-g.jpg,"typical shelf price, Sept 2026 (Haldiram's Navratan Mix 200 g: blinkit ₹50, flipkart ₹57, Wellness Forever MRP ₹65 - https://blinkit.com/prn/haldirams-navratan-mixture-namkeen/prid/19297)"
Noodles,ನೂಡಲ್ಸ್,Maggi 2-Minute Masala,70 g,14,,Snacks & Biscuits,ತಿಂಡಿ & ಬಿಸ್ಕತ್ತು,"Instant masala noodles: a dried noodle cake with a spice sachet, ready in a couple of minutes on the stove. The 70 g single pack makes one bowl and is a common quick breakfast or after-school snack, often cooked with chopped onion, tomato and green chilli.",https://wink-1nn.pages.dev/catalogue/noodles-70-g.jpg,"typical shelf price, Sept 2026 (Maggi 2-Minute Masala single 70 g pack has been MRP ₹14 since 2022; 4 x 70 g multipack MRP ₹56 on flipkart/blinkit)"
Potato Chips,ಆಲೂಗಡ್ಡೆ ಚಿಪ್ಸ್,Lay's,52 g,20,,Snacks & Biscuits,ತಿಂಡಿ & ಬಿಸ್ಕತ್ತು,"Thin fried potato crisps in a foil pack, sold in salted, masala and chilli-lime flavours. The 52 g pack is the twenty-rupee size that goes into school bags and bus journeys and is enough for one or two people.",https://wink-1nn.pages.dev/catalogue/potato-chips-52-g.jpg,"typical shelf price, Sept 2026 (Lay's 48-55 g packs are the ₹20 price point in India; pack weight varies by flavour and promotion)"
Rusk,ರಸ್ಕ್,Britannia Toastea,300 g,55,,Snacks & Biscuits,ತಿಂಡಿ & ಬಿಸ್ಕತ್ತು,"Twice-baked slices of sweet bread, crisp and dry, usually with a hint of cardamom or sooji. Rusk is dunked in tea or coffee in the morning and evening; a 300 g pack holds about 25 to 30 slices and lasts a small family a week or two.",https://wink-1nn.pages.dev/catalogue/rusk-300-g.jpg,"typical shelf price, Sept 2026 (bigbasket lists Britannia Toastea Premium Bake Rusk 273-300 g at ₹42 offer price: https://www.bigbasket.com/pd/312568/britannia-toastea-premium-bake-rusk-with-goodness-of-elaichi-sooji-wheat-273-g/ ; 668 g pack MRP ₹140 on blinkit)"
Vermicelli,ಶಾವಿಗೆ,Bambino,400 g,60,,Snacks & Biscuits,ತಿಂಡಿ & ಬಿಸ್ಕತ್ತು,"Thin wheat-semolina noodles, called shavige in Kannada, cooked into shavige upma or bath for breakfast and into sweet payasa (kheer) for festivals. A 400 g pack gives four to five family breakfasts and keeps for months in the tin.",https://wink-1nn.pages.dev/catalogue/vermicelli-400-g.jpg,"typical shelf price, Sept 2026 (Bambino plain vermicelli 400 g lists at MRP ₹46-65 in zeptonow.com / blinkit.com search snippets; the roasted 425 g pack is ₹76 at https://www.bigbasket.com/pd/40086008/bambino-vermicelli-roasted-400-g/)"
Coffee Powder,ಕಾಫಿ ಪುಡಿ,Bru Green Label,200 g,180,,Tea & Coffee,ಚಹಾ & ಕಾಫಿ,"Roasted and ground coffee-chicory blend for the brass filter, called kaafi pudi in Kannada, brewed into strong decoction and mixed with hot milk and sugar for the morning tumbler of filter coffee. A 200 g pack makes decoction for about a month in a two-coffee-a-day household.",https://wink-1nn.pages.dev/catalogue/coffee-powder-200-g.jpg,"https://www.mkretail.com/product/bru-green-label-coffee (Bru Green Label filter coffee 200 g MRP Rs 180, Sept 2026)"
Health Drink Powder,ಆರೋಗ್ಯ ಪಾನೀಯ,Horlicks,500 g,259,,Tea & Coffee,ಚಹಾ & ಕಾಫಿ,"Malted milk-drink powder stirred into a glass of hot or cold milk, the usual morning and bedtime drink for school-going children and older family members. A 500 g jar gives about 25-30 glasses at two spoons each, roughly a month for one regular drinker.",https://wink-1nn.pages.dev/catalogue/health-drink-powder-500-g.jpg,"https://www.bigbasket.com/pd/119386/horlicks-health-nutrition-drink-classic-malt-500-g-jar/ (Horlicks Classic Malt 500 g jar MRP Rs 259 after the Sept 2025 GST cut, listed Rs 264, Sept 2026; Boost 500 g jar MRP Rs 299)"
Instant Coffee,ಇನ್ಸ್ಟಂಟ್ ಕಾಫಿ,Bru Instant,50 g,140,,Tea & Coffee,ಚಹಾ & ಕಾಫಿ,"Soluble coffee granules that dissolve straight into hot milk or water, the quick alternative to filter decoction for a morning or evening cup. A 50 g jar or pouch makes around 25-35 cups, a couple of weeks for a one-coffee-a-day household or a month for occasional use.",https://wink-1nn.pages.dev/catalogue/instant-coffee-50-g.jpg,"https://www.zepto.com/pn/bru-instant-coffee/pvid/d0e468d2-313c-4673-8c49-862a60f6d778 (Bru Instant 50 g pouch MRP Rs 140, Sept 2026; Nescafe Classic 50 g glass jar MRP Rs 230, bigbasket Rs 210)"
Tea Powder,ಚಹಾ ಪುಡಿ,Red Label,250 g,125,,Tea & Coffee,ಚಹಾ & ಕಾಫಿ,"Strong CTC tea dust for boiling with milk and sugar into everyday chai, called chaha pudi in Kannada, the first thing made in most homes each morning and again at four o'clock. A 250 g pack gives around 100-120 cups, roughly a month for a household of two or three tea drinkers.",https://wink-1nn.pages.dev/catalogue/tea-powder-250-g.jpg,"https://blinkit.com/prn/brooke-bond-red-label-tea-250-g/prid/185770 (Brooke Bond Red Label 250 g at Rs 125, Sept 2026; bigbasket carton Rs 120; pricehistory.app shows MRP Rs 125 on 6 Sept 2026 after a Rs 204 peak in March)"
Tea Powder,ಚಹಾ ಪುಡಿ,Tata Tea Gold,500 g,315,,Tea & Coffee,ಚಹಾ & ಕಾಫಿ,"Premium CTC leaf-and-dust tea for milky chai, chaha pudi in Kannada, bought in the larger pack by families where tea is made three or four times a day or for offices and shops. A 500 g pack gives well over 200 cups and lasts a large household a month or more.",https://wink-1nn.pages.dev/catalogue/tea-powder-500-g.jpg,"https://www.grosta.in/product/61/details/tata-tea-gold-leaf-500g (Tata Tea Gold 500 g MRP Rs 315, Sept 2026; another listing shows MRP Rs 360; Red Label 500 g sells at Rs 233 on blinkit)"
