name,name_kn,brand,unit,mrp,stock,category,cost
Sona Masoori Rice,ಸೋನಾ ಮಸೂರಿ ಅಕ್ಕಿ,,5 kg,,,Rice & Atta,
Sona Masoori Rice,ಸೋನಾ ಮಸೂರಿ ಅಕ್ಕಿ,,25 kg,,,Rice & Atta,
Basmati Rice,ಬಾಸುಮತಿ ಅಕ್ಕಿ,,1 kg,,,Rice & Atta,
Idli Rice,ಇಡ್ಲಿ ಅಕ್ಕಿ,,5 kg,,,Rice & Atta,
Whole Wheat Atta,ಗೋಧಿ ಹಿಟ್ಟು,,5 kg,,,Rice & Atta,
Whole Wheat Atta,ಗೋಧಿ ಹಿಟ್ಟು,,10 kg,,,Rice & Atta,
Maida,ಮೈದಾ,,500 g,,,Rice & Atta,
Rava / Sooji,ರವೆ,,500 g,,,Rice & Atta,
Poha / Avalakki,ಅವಲಕ್ಕಿ,,500 g,,,Rice & Atta,
Ragi Flour,ರಾಗಿ ಹಿಟ್ಟು,,1 kg,,,Rice & Atta,
Toor Dal,ತೊಗರಿ ಬೇಳೆ,,1 kg,,,Dals & Pulses,
Urad Dal,ಉದ್ದಿನ ಬೇಳೆ,,500 g,,,Dals & Pulses,
Moong Dal,ಹೆಸರು ಬೇಳೆ,,500 g,,,Dals & Pulses,
Chana Dal,ಕಡಲೆ ಬೇಳೆ,,500 g,,,Dals & Pulses,
Masoor Dal,ಮಸೂರ ಬೇಳೆ,,500 g,,,Dals & Pulses,
Kabuli Chana,ಕಾಬೂಲಿ ಕಡಲೆ,,500 g,,,Dals & Pulses,
Green Moong,ಹೆಸರು ಕಾಳು,,500 g,,,Dals & Pulses,
Groundnut,ಕಡಲೆಕಾಯಿ,,500 g,,,Dals & Pulses,
Sunflower Oil,ಸೂರ್ಯಕಾಂತಿ ಎಣ್ಣೆ,,1 L,,,Oil & Ghee,
Sunflower Oil,ಸೂರ್ಯಕಾಂತಿ ಎಣ್ಣೆ,,5 L,,,Oil & Ghee,
Groundnut Oil,ಕಡಲೆಕಾಯಿ ಎಣ್ಣೆ,,1 L,,,Oil & Ghee,
Coconut Oil,ತೆಂಗಿನ ಎಣ್ಣೆ,,500 ml,,,Oil & Ghee,
Ghee,ತುಪ್ಪ,,500 ml,,,Oil & Ghee,
Salt,ಉಪ್ಪು,,1 kg,,,Masala & Spices,
Sugar,ಸಕ್ಕರೆ,,1 kg,,,Masala & Spices,
Jaggery,ಬೆಲ್ಲ,,1 kg,,,Masala & Spices,
Turmeric Powder,ಅರಿಶಿನ ಪುಡಿ,,100 g,,,Masala & Spices,
Chilli Powder,ಮೆಣಸಿನ ಪುಡಿ,,200 g,,,Masala & Spices,
Coriander Powder,ಕೊತ್ತಂಬರಿ ಪುಡಿ,,100 g,,,Masala & Spices,
Cumin Seeds,ಜೀರಿಗೆ,,100 g,,,Masala & Spices,
Mustard Seeds,ಸಾಸಿವೆ,,100 g,,,Masala & Spices,
Sambar Powder,ಸಾಂಬಾರ್ ಪುಡಿ,,100 g,,,Masala & Spices,
Rasam Powder,ರಸಂ ಪುಡಿ,,100 g,,,Masala & Spices,
Tamarind,ಹುಣಸೆ ಹಣ್ಣು,,500 g,,,Masala & Spices,
Milk,ಹಾಲು,Nandini,500 ml,,,Dairy & Bread,
Curd,ಮೊಸರು,Nandini,400 g,,,Dairy & Bread,
Butter,ಬೆಣ್ಣೆ,Nandini,100 g,,,Dairy & Bread,
Paneer,ಪನೀರ್,Nandini,200 g,,,Dairy & Bread,
Bread,ಬ್ರೆಡ್,,400 g,,,Dairy & Bread,
Eggs,ಮೊಟ್ಟೆ,,6 pcs,,,Dairy & Bread,
Tea Powder,ಚಹಾ ಪುಡಿ,,250 g,,,Tea & Coffee,
Tea Powder,ಚಹಾ ಪುಡಿ,,500 g,,,Tea & Coffee,
Coffee Powder,ಕಾಫಿ ಪುಡಿ,,200 g,,,Tea & Coffee,
Instant Coffee,ಇನ್ಸ್ಟಂಟ್ ಕಾಫಿ,,50 g,,,Tea & Coffee,
Health Drink Powder,ಆರೋಗ್ಯ ಪಾನೀಯ,,500 g,,,Tea & Coffee,
Biscuits - Glucose,ಬಿಸ್ಕತ್ತು,,300 g,,,Snacks & Biscuits,
Biscuits - Marie,ಮೇರಿ ಬಿಸ್ಕತ್ತು,,250 g,,,Snacks & Biscuits,
Biscuits - Cream,ಕ್ರೀಮ್ ಬಿಸ್ಕತ್ತು,,150 g,,,Snacks & Biscuits,
Rusk,ರಸ್ಕ್,,300 g,,,Snacks & Biscuits,
Namkeen Mixture,ಮಿಕ್ಸ್ಚರ್,,200 g,,,Snacks & Biscuits,
Potato Chips,ಆಲೂಗಡ್ಡೆ ಚಿಪ್ಸ್,,52 g,,,Snacks & Biscuits,
Noodles,ನೂಡಲ್ಸ್,,70 g,,,Snacks & Biscuits,
Vermicelli,ಶಾವಿಗೆ,,400 g,,,Snacks & Biscuits,
Detergent Powder,ಪುಡಿ ಸೋಪು,,1 kg,,,Cleaning,
Detergent Bar,ಸೋಪು ಬಾರ್,,250 g,,,Cleaning,
Dishwash Bar,ಪಾತ್ರೆ ಸೋಪು,,300 g,,,Cleaning,
Dishwash Liquid,ಪಾತ್ರೆ ದ್ರವ,,500 ml,,,Cleaning,
Floor Cleaner,ನೆಲ ಕ್ಲೀನರ್,,1 L,,,Cleaning,
Toilet Cleaner,ಟಾಯ್ಲೆಟ್ ಕ್ಲೀನರ್,,500 ml,,,Cleaning,
Phenyl,ಫಿನಾಯಿಲ್,,1 L,,,Cleaning,
Bathing Soap,ಸ್ನಾನದ ಸೋಪು,,100 g,,,Personal Care,
Shampoo Sachet,ಶಾಂಪೂ,,5 ml,,,Personal Care,
Shampoo Bottle,ಶಾಂಪೂ,,180 ml,,,Personal Care,
Toothpaste,ಟೂತ್‌ಪೇಸ್ಟ್,,100 g,,,Personal Care,
Toothbrush,ಟೂತ್‌ಬ್ರಷ್,,1 pc,,,Personal Care,
Hair Oil,ಕೂದಲಿನ ಎಣ್ಣೆ,,100 ml,,,Personal Care,
Talcum Powder,ಪೌಡರ್,,100 g,,,Personal Care,
Sanitary Pads,ಸ್ಯಾನಿಟರಿ ಪ್ಯಾಡ್,,8 pcs,,,Personal Care,
Shaving Cream,ಶೇವಿಂಗ್ ಕ್ರೀಮ್,,70 g,,,Personal Care,
Onion,ಈರುಳ್ಳಿ,,1 kg,,,Fruits & Vegetables,
Potato,ಆಲೂಗಡ್ಡೆ,,1 kg,,,Fruits & Vegetables,
Tomato,ಟೊಮ್ಯಾಟೊ,,1 kg,,,Fruits & Vegetables,
Green Chilli,ಹಸಿ ಮೆಣಸಿನಕಾಯಿ,,250 g,,,Fruits & Vegetables,
Ginger,ಶುಂಠಿ,,250 g,,,Fruits & Vegetables,
Garlic,ಬೆಳ್ಳುಳ್ಳಿ,,250 g,,,Fruits & Vegetables,
Coriander Leaves,ಕೊತ್ತಂಬರಿ ಸೊಪ್ಪು,,1 bunch,,,Fruits & Vegetables,
Curry Leaves,ಕರಿಬೇವು,,1 bunch,,,Fruits & Vegetables,
Banana,ಬಾಳೆಹಣ್ಣು,,6 pcs,,,Fruits & Vegetables,
Lemon,ನಿಂಬೆಹಣ್ಣು,,4 pcs,,,Fruits & Vegetables,
Agarbatti,ಅಗರಬತ್ತಿ,,1 pack,,,Household,
Matchbox,ಬೆಂಕಿಪೊಟ್ಟಣ,,1 pc,,,Household,
Candle,ಮೇಣದಬತ್ತಿ,,1 pack,,,Household,
Garbage Bags,ಕಸದ ಚೀಲ,,30 pcs,,,Household,
Aluminium Foil,ಅಲ್ಯೂಮಿನಿಯಂ ಫಾಯಿಲ್,,9 m,,,Household,
